high_school,city,county,graduates,ag_completion_rate,applicants,admits,admit_rate,frpm_pct,expected_admit_rate,admit_rate_residual,opportunity_score
CLAYTON VALLEY CHARTER HIGH SCHOOL,Concord,Contra Costa,554.0,97.8,186.0,125.0,0.6720430107526881,0.2233459755583649,0.7875022319386564,-0.1154592211859683,18274.39
REDWOOD HIGH SCHOOL,Larkspur,Marin,410.0,88.8,258.0,164.0,0.6356589147286822,0.0818815331010452,0.7435955295253388,-0.10793661479665662,10103.31
SAN RAMON VALLEY HIGH SCHOOL,Danville,Contra Costa,439.0,69.9,188.0,113.0,0.601063829787234,0.0569744597249508,0.7033274583482836,-0.10226362856104954,7858.54
DUBLIN HIGH SCHOOL,Dublin,Alameda,810.0,82.3,520.0,466.0,0.8961538461538462,0.1692529772645254,0.7660775159159078,0.1300763302379384,7332.23
LIBERTY HIGH SCHOOL,Brentwood,Contra Costa,594.0,52.4,110.0,71.0,0.6454545454545455,0.3568406205923836,0.6938596245453464,-0.04840507909080094,6814.16
LOWELL HIGH SCHOOL,San Francisco,San Francisco,587.0,83.1,443.0,373.0,0.8419864559819413,0.425126409957215,0.7681713234513309,0.07381513253061045,6344.35
BERKELEY HIGH SCHOOL,Berkeley,Alameda,774.0,69.9,474.0,395.0,0.8333333333333334,0.2479801118707271,0.7369561764920323,0.0963771568413011,6135.01
DOUGHERTY VALLEY HIGH SCHOOL,San Ramon,Contra Costa,824.0,72.6,654.0,588.0,0.8990825688073395,0.0812767357683448,0.7395096853822964,0.15957288342504306,6074.92
SUMMIT PUBLIC SCHOOL K2,El Cerrito,Contra Costa,75.0,98.7,45.0,23.0,0.5111111111111111,0.8194945848375451,0.7488087862273548,-0.23769767511624373,5819.88
EVERGREEN VALLEY HIGH SCHOOL,San Jose,Santa Clara,665.0,77.9,406.0,334.0,0.8226600985221675,0.2241953385127636,0.7520860410820093,0.07057405744015821,5734.14
CASTRO VALLEY HIGH SCHOOL,Castro Valley,Alameda,655.0,68.2,306.0,234.0,0.7647058823529411,0.4004871259568545,0.7345158460880614,0.030190036264879705,5482.29
AMERICAN HIGH SCHOOL,Fremont,Alameda,597.0,76.4,409.0,373.0,0.9119804400977995,0.2494270435446906,0.7405177583368998,0.17146268176089974,5399.08
JAMES LOGAN HIGH SCHOOL,Union City,Alameda,743.0,52.4,232.0,185.0,0.7974137931034483,0.5277777777777778,0.7115082231805442,0.0859055699229041,5313.77
OAKLAND TECHNICAL HIGH SCHOOL,Oakland,Alameda,422.0,79.9,264.0,215.0,0.8143939393939394,0.7019867549668874,0.7622764639048439,0.05211747548909551,5165.39
AMADOR VALLEY HIGH SCHOOL,Pleasanton,Alameda,637.0,80.7,397.0,330.0,0.8312342569269522,0.0824622531939605,0.747098837889895,0.08413541903705724,5055.60
MILPITAS HIGH SCHOOL,Milpitas,Santa Clara,650.0,59.2,284.0,238.0,0.8380281690140845,0.4395078605604921,0.7171742777559614,0.12085389125812307,5053.06
MOUNTAIN VIEW HIGH SCHOOL,Mountain View,Santa Clara,554.0,83.2,341.0,254.0,0.7448680351906158,0.1266575217192501,0.7477547161394642,-0.0028866809488483636,4756.74
GEORGE WASHINGTON HIGH SCHOOL,San Francisco,San Francisco,476.0,72.5,284.0,235.0,0.8274647887323944,0.5183752417794971,0.7388229232280626,0.08864186550433173,4748.48
LOS ALTOS HIGH SCHOOL,Los Altos,Santa Clara,527.0,83.5,333.0,274.0,0.8228228228228228,0.1654377880184331,0.7473318208913273,0.0754910019314955,4638.76
HOMESTEAD HIGH SCHOOL,Cupertino,Santa Clara,565.0,77.2,369.0,297.0,0.8048780487804879,0.1591726618705036,0.7338773602489487,0.07100068853153918,4524.20
CALIFORNIA HIGH SCHOOL,San Ramon,Contra Costa,709.0,63.6,381.0,325.0,0.8530183727034121,0.0874222529371112,0.7093617123814521,0.14365666032196,4504.70
PITTSBURG HIGH SCHOOL,Pittsburg,Contra Costa,737.0,39.2,135.0,99.0,0.7333333333333333,0.7925359976491331,0.6975424699093826,0.03579086342395066,4467.24
CARLMONT HIGH SCHOOL,Belmont,San Mateo,578.0,77.7,361.0,279.0,0.7728531855955678,0.0932203389830508,0.7324875244753628,0.04036566112020501,4317.12
PALO ALTO SENIOR HIGH SCHOOL,Palo Alto,Santa Clara,457.0,94.1,341.0,265.0,0.7771260997067448,0.1332628239026969,0.7625098889428005,0.01461621076394437,4296.03
CUPERTINO HIGH SCHOOL,Cupertino,Santa Clara,481.0,84.4,331.0,306.0,0.9244712990936556,0.1022222222222222,0.7394686638871665,0.18500263520648907,4270.54
SILVER CREEK HIGH SCHOOL,San Jose,Santa Clara,510.0,65.5,176.0,136.0,0.7727272727272727,0.4460028050490883,0.7223172300375169,0.050410042689755796,4258.91
MISSION SAN JOSE HIGH SCHOOL,Fremont,Alameda,417.0,91.6,357.0,317.0,0.8879551820728291,0.1800445930880713,0.759733691203718,0.12822149086911105,4215.15
IRVINGTON HIGH SCHOOL,Fremont,Alameda,507.0,70.0,367.0,338.0,0.9209809264305178,0.2466388502549837,0.7203896396055265,0.20059128682499128,4205.57
SAN LEANDRO HIGH SCHOOL,San Leandro,Alameda,550.0,48.7,155.0,123.0,0.7935483870967742,0.7533864541832669,0.7028208279509071,0.09072755914586716,4187.28
ALAMEDA HIGH SCHOOL,Alameda,Alameda,449.0,77.1,244.0,209.0,0.8565573770491803,0.30406852248394,0.732498254206139,0.12405912284304133,4161.09
ABRAHAM LINCOLN HIGH SCHOOL,San Francisco,San Francisco,466.0,65.2,269.0,208.0,0.7732342007434945,0.5453230472516876,0.7215982500898107,0.05163595065368376,4125.98
FOOTHILL HIGH SCHOOL,Pleasanton,Alameda,491.0,83.1,304.0,264.0,0.868421052631579,0.0885200553250345,0.7407670217196303,0.1276540309119487,4118.28
MONTA VISTA HIGH SCHOOL,Cupertino,Santa Clara,434.0,92.4,370.0,337.0,0.9108108108108108,0.0595092024539877,0.752926675436927,0.1578841353738838,4021.87
BRANHAM HIGH SCHOOL,San Jose,Santa Clara,460.0,74.1,189.0,150.0,0.7936507936507936,0.3142857142857143,0.7279498317954831,0.06570096185531049,3995.39
LOS GATOS HIGH SCHOOL,Los Gatos,Santa Clara,506.0,83.8,292.0,223.0,0.7636986301369864,0.0684430512016718,0.7419374441586344,0.02176118597835197,3967.70
HERITAGE HIGH SCHOOL,Brentwood,Contra Costa,568.0,64.1,158.0,112.0,0.7088607594936709,0.1944660950896336,0.71240135532135,-0.0035405958276790717,3961.70
LEIGH HIGH SCHOOL,San Jose,Santa Clara,459.0,78.4,242.0,204.0,0.8429752066115702,0.179936305732484,0.72981539050957,0.11315981610200021,3886.39
ANGELO RODRIGUEZ HIGH SCHOOL,Fairfield,Solano,505.0,61.8,150.0,121.0,0.8066666666666666,0.379441023211748,0.7041262520143307,0.10254041465233599,3870.25
TAMALPAIS HIGH SCHOOL,Mill Valley,Marin,414.0,87.0,271.0,199.0,0.7343173431734318,0.1176870748299319,0.7399602066528107,-0.005642863479378923,3855.65
HENRY M GUNN SENIOR HIGH SCHL,Palo Alto,Santa Clara,421.0,91.4,325.0,260.0,0.8,0.1168594035301278,0.7519212743953613,0.04807872560463877,3835.18
VACAVILLE HIGH SCHOOL,Vacaville,Solano,492.0,60.2,79.0,61.0,0.7721518987341772,0.4540117416829745,0.7040947556723777,0.06805714306179955,3805.75
ARAGON HIGH SCHOOL,San Mateo,San Mateo,437.0,80.8,250.0,214.0,0.856,0.1682750301568154,0.7323886060751519,0.1236113939248481,3801.02
PIEDMONT HILLS HIGH SCHOOL,San Jose,Santa Clara,478.0,67.2,198.0,157.0,0.7929292929292929,0.3013555787278415,0.7152319914491265,0.0776973014801664,3724.27
LYNBROOK HIGH SCHOOL,San Jose,Santa Clara,397.0,93.2,342.0,300.0,0.8771929824561403,0.0652173913043478,0.7488009090304562,0.12839207342568415,3665.14
GALILEO ACAD OF SCIENCE & TECH,San Francisco,San Francisco,370.0,66.8,214.0,178.0,0.8317757009345794,0.6291428571428571,0.7239151536352104,0.107860547299369,3655.97
FREEDOM HIGH SCHOOL,Oakley,Contra Costa,567.0,52.0,86.0,66.0,0.7674418604651163,0.3930894308943089,0.6908646563864196,0.07657720407869673,3619.19
FREMONT HIGH SCHOOL,Sunnyvale,Santa Clara,491.0,65.6,190.0,157.0,0.8263157894736842,0.237378640776699,0.7069130597828946,0.11940272969078958,3617.97
MENLO ATHERTON HIGH SCHOOL,Atherton,San Mateo,487.0,65.5,233.0,167.0,0.7167381974248928,0.329935125115848,0.7130244294781701,0.0037137679467226237,3614.85
INDEPENDENCE HIGH SCHOOL,San Jose,Santa Clara,494.0,55.3,112.0,89.0,0.7946428571428571,0.4696373962429008,0.7001397653370267,0.09450309180583039,3587.78
SANTA TERESA HIGH SCHOOL,San Jose,Santa Clara,507.0,62.1,159.0,125.0,0.7861635220125787,0.2788191190253046,0.703594178547793,0.08256934346478562,3577.68
WASHINGTON HIGH SCHOOL,Fremont,Alameda,451.0,61.6,186.0,164.0,0.8817204301075269,0.3643331630045989,0.7031918787723643,0.17852855133516254,3542.30
GRANADA HIGH SCHOOL,Livermore,Alameda,524.0,64.9,162.0,130.0,0.8024691358024691,0.1567717996289425,0.7005589457668374,0.10191019003563173,3528.48
OAKLAND HIGH SCHOOL,Oakland,Alameda,301.0,66.8,125.0,100.0,0.8,0.902469917669411,0.7330193504345726,0.06698064956542749,3421.33
WESTMONT HIGH SCHOOL,Campbell,Santa Clara,392.0,70.2,149.0,113.0,0.7583892617449665,0.4197384066587395,0.7173057341493537,0.041083527595612734,3416.32
VANDEN HIGH SCHOOL,Fairfield,Solano,423.0,49.2,80.0,52.0,0.65,0.410790925812385,0.670316495957684,-0.020316495957684033,3393.41
CITY ARTS AND LEADERSHIP ACADEMY,San Francisco,San Francisco,113.0,100.0,34.0,23.0,0.6764705882352942,0.5289672544080605,0.7433618182862213,-0.06689123005092712,3375.56
IMPACT ACAD ARTS/TECHNOLOGY,Hayward,Alameda,88.0,100.0,40.0,25.0,0.625,0.5279329608938548,0.727473186515024,-0.10247318651502402,3316.31
LAS LOMAS HIGH SCHOOL,Walnut Creek,Contra Costa,421.0,78.9,202.0,149.0,0.7376237623762376,0.1540900443880786,0.7252657787288055,0.012357983647432125,3310.36
YERBA BUENA HIGH SCHOOL,San Jose,Santa Clara,413.0,54.2,118.0,98.0,0.8305084745762712,0.6191066997518611,0.6913266528268159,0.13918182174945526,3299.67
MONTE VISTA HIGH SCHOOL,Danville,Contra Costa,512.0,68.4,295.0,232.0,0.7864406779661017,0.0538687561214495,0.7061128233250302,0.0803278546410715,3268.87
ANALY HIGH SCHOOL,Sebastopol,Sonoma,318.0,56.9,63.0,41.0,0.6507936507936508,0.4093686354378819,0.676482626512744,-0.025688975719093232,3175.23
SKYLINE HIGH SCHOOL,Oakland,Alameda,272.0,71.0,121.0,97.0,0.8016528925619835,0.76,0.7267739325948385,0.074878959967145,3042.65
PROSPECT HIGH SCHOOL,Saratoga,Santa Clara,351.0,64.4,129.0,104.0,0.8062015503875969,0.4924657534246575,0.7013255479366433,0.10487600245095363,3029.34
BURLINGAME HIGH SCHOOL,Burlingame,San Mateo,355.0,85.4,217.0,163.0,0.7511520737327189,0.1332912192040429,0.733775855958854,0.017376217773864888,2986.77
BALBOA HIGH SCHOOL,San Francisco,San Francisco,289.0,70.6,152.0,120.0,0.7894736842105263,0.6373182552504039,0.7206367384272704,0.06883694578325594,2966.77
HILLSDALE HIGH SCHOOL,San Mateo,San Mateo,366.0,74.9,155.0,114.0,0.7354838709677419,0.252365930599369,0.7174441671497365,0.01803970381800546,2962.25
SAN MARIN HIGH SCHOOL,Novato,Marin,295.0,67.5,116.0,79.0,0.6810344827586207,0.3568,0.696621836582225,-0.015587353823604322,2961.43
COLLEGE PARK HIGH SCHOOL,Pleasant Hill,Contra Costa,471.0,50.1,154.0,118.0,0.7662337662337663,0.4050308008213552,0.6753198435808276,0.09091392265293863,2908.83
WOODSIDE HIGH SCHOOL,Woodside,San Mateo,382.0,68.3,166.0,123.0,0.7409638554216867,0.2867469879518072,0.7055467625150516,0.035417092906635195,2903.79
SEQUOIA HIGH SCHOOL,Redwood City,San Mateo,388.0,61.3,157.0,119.0,0.7579617834394905,0.3926645091693635,0.7008294619697063,0.0571323214697842,2892.29
LELAND HIGH SCHOOL,San Jose,Santa Clara,377.0,75.1,241.0,199.0,0.8257261410788381,0.1128484024473147,0.7087886313004823,0.11693750977835582,2851.74
DIXON HIGH SCHOOL,Dixon,Solano,230.0,45.7,46.0,27.0,0.5869565217391305,0.5767676767676768,0.644564760365452,-0.05760823862632147,2817.85
SANTA CLARA HIGH SCHOOL,Santa Clara,Santa Clara,459.0,54.5,157.0,129.0,0.821656050955414,0.2363199037883343,0.6762081846955126,0.14544786625990147,2799.25
ANN SOBRATO HIGH SCHOOL,Morgan Hill,Santa Clara,369.0,67.2,134.0,97.0,0.7238805970149254,0.3031105228325612,0.6990464228024438,0.024834174212481575,2770.13
TERRA LINDA HIGH SCHOOL,San Rafael,Marin,305.0,68.9,135.0,104.0,0.7703703703703704,0.4943910256410256,0.7064661387692414,0.06390423160112901,2761.97
NORTHGATE HIGH SCHOOL,Walnut Creek,Contra Costa,377.0,66.6,178.0,143.0,0.8033707865168539,0.2238033635187581,0.6931816701742587,0.1101891163425952,2751.01
HERCULES HIGH SCHOOL,Hercules,Contra Costa,157.0,75.8,76.0,49.0,0.6447368421052632,0.4172099087353325,0.6931402054399675,-0.0484033633347043,2712.23
ADRIAN C WILCOX HIGH SCHOOL,Santa Clara,Santa Clara,451.0,52.5,145.0,118.0,0.8137931034482758,0.2602230483271375,0.6757147079532246,0.1380783954950512,2689.51
EL CAMINO HIGH,South San Francisco,San Mateo,264.0,67.8,86.0,57.0,0.6627906976744186,0.2507122507122507,0.68518772546712,-0.022397027792701474,2681.99
DEL MAR HIGH SCHOOL,San Jose,Santa Clara,304.0,59.2,50.0,38.0,0.76,0.6962962962962963,0.6958227612512575,0.06417723874874248,2678.99
EL CERRITO HIGH SCHOOL,El Cerrito,Contra Costa,371.0,56.6,165.0,139.0,0.8424242424242424,0.3897260273972602,0.6823648245663115,0.16005941785793087,2667.19
AMERICAN CANYON HIGH SCHOOL,American Canyon,Napa,369.0,54.5,95.0,67.0,0.7052631578947368,0.5627906976744186,0.6855555737734494,0.01970758412128737,2667.03
SAN MATEO HIGH SCHOOL,San Mateo,San Mateo,358.0,60.1,164.0,131.0,0.7987804878048781,0.3808606294155427,0.6897503859811801,0.10903010182369799,2651.75
WILL C WOOD HIGH SCHOOL,Vacaville,Solano,387.0,48.8,56.0,43.0,0.7678571428571429,0.578096947935368,0.6790496215123366,0.0888075213448063,2626.59
ALBANY HIGH SCHOOL,Albany,Alameda,286.0,77.6,198.0,161.0,0.8131313131313131,0.3101604278074866,0.7131717299431968,0.09995958318811637,2612.52
CAMPOLINDO HIGH SCHOOL,Moraga,Contra Costa,316.0,81.6,187.0,132.0,0.7058823529411765,0.0544776119402985,0.7117061960776769,-0.005823843136500417,2570.53
MOUNT EDEN HIGH SCHOOL,Hayward,Alameda,365.0,43.8,97.0,82.0,0.845360824742268,0.7501340482573726,0.674607505776251,0.1707533189660171,2565.94
VINTAGE HIGH SCHOOL,Napa,Napa,374.0,49.2,72.0,55.0,0.7638888888888888,0.5776818742293465,0.6723824526320126,0.09150643625687627,2550.32
MIRAMONTE HIGH SCHOOL,Orinda,Contra Costa,298.0,89.9,194.0,155.0,0.7989690721649485,0.0462724935732647,0.7286105746630837,0.07035849750186485,2502.98
ARROYO HIGH SCHOOL,San Lorenzo,Alameda,342.0,47.7,107.0,91.0,0.8504672897196262,0.6457638425617078,0.6714032508243267,0.17906403889529943,2467.77
PIONEER HIGH SCHOOL,San Jose,Santa Clara,346.0,63.6,159.0,115.0,0.7232704402515723,0.3079684134960517,0.6878977548682454,0.03537268538332683,2462.09
CASA GRANDE HIGH SCHOOL,Petaluma,Sonoma,361.0,51.5,69.0,54.0,0.782608695652174,0.4857834240774349,0.6727353841435146,0.10987331150865931,2452.91
SARATOGA HIGH SCHOOL,Saratoga,Santa Clara,291.0,89.3,245.0,205.0,0.8367346938775511,0.0344530577088716,0.7267695854334976,0.1099651084440535,2445.44
MARIA CARRILLO HIGH SCHOOL,Santa Rosa,Sonoma,357.0,59.1,101.0,70.0,0.693069306930693,0.3503787878787879,0.684728971662939,0.008340335267754018,2400.34
KIPP KING COLLEGIATE HIGH SCH,San Lorenzo,Alameda,157.0,100.0,102.0,79.0,0.7745098039215687,0.7326283987915407,0.7623227475120763,0.012187056409492358,2397.85
ACALANES HIGH SCHOOL,Lafayette,Contra Costa,311.0,82.3,164.0,121.0,0.7378048780487805,0.0732484076433121,0.7147242379177267,0.02308064013105382,2371.59
FREMONT HIGH SCHOOL,Oakland,Alameda,195.0,69.7,41.0,31.0,0.7560975609756098,0.9905660377358492,0.7323823373385211,0.023715223637088667,2368.38
ABRAHAM LINCOLN HIGH SCHOOL,San Jose,Santa Clara,353.0,47.9,86.0,68.0,0.7906976744186046,0.5616352201257861,0.6656300542398566,0.12506762017874806,2352.16
LIVERMORE HIGH SCHOOL,Livermore,Alameda,427.0,49.4,102.0,81.0,0.7941176470588235,0.2348111658456486,0.6599987033344886,0.13411894372433486,2325.26
NOVATO HIGH SCHOOL,Novato,Marin,328.0,55.5,103.0,75.0,0.7281553398058253,0.4832944832944832,0.6802914354762821,0.04786390432954313,2319.97
CHRISTOPHER HIGH SCHOOL,Gilroy,Santa Clara,354.0,55.4,70.0,50.0,0.7142857142857143,0.3797546012269938,0.6784027934567542,0.03588292082896005,2311.08
MAKING WAVES ACADEMY,Richmond,Contra Costa,134.0,100.0,68.0,63.0,0.9264705882352942,0.7987012987012987,0.7645503148705034,0.16192027336479076,2309.87
JOHN F KENNEDY HIGH SCHOOL,Fremont,Alameda,302.0,54.3,99.0,79.0,0.797979797979798,0.5271013354281225,0.6787430735218701,0.11923672445792788,2237.69
PHILLIP & SALA BURTON ACAD HS,San Francisco,San Francisco,212.0,71.2,93.0,71.0,0.7634408602150538,0.6771728748806113,0.7079225855810911,0.05551827463396264,2218.40
WILLOW GLEN HIGH SCHOOL,San Jose,Santa Clara,351.0,52.4,129.0,96.0,0.7441860465116279,0.3882047958522359,0.6678278109565027,0.07635823555512522,2211.05
GILROY HIGH SCHOOL,Gilroy,Santa Clara,328.0,51.5,52.0,38.0,0.7307692307692307,0.511742892459827,0.6738392269298803,0.05693000383935043,2203.07
ARMIJO HIGH SCHOOL,Fairfield,Solano,403.0,33.7,47.0,35.0,0.7446808510638298,0.8129067245119306,0.6598643120657989,0.08481653899803088,2140.38
PINOLE VALLEY HIGH SCHOOL,Pinole,Contra Costa,267.0,53.2,75.0,63.0,0.84,0.6184738955823293,0.6752349426331583,0.16476505736684166,2103.86
SAN RAFAEL HIGH SCHOOL,San Rafael,Marin,247.0,54.7,81.0,65.0,0.8024691358024691,0.7222222222222222,0.6858690674330032,0.1166000683694659,2084.49
ARCHIE WILLIAMS HIGH SCHOOL,San Anselmo,Marin,282.0,78.4,135.0,97.0,0.7185185185185186,0.1034180543382997,0.705213330434108,0.013305188084410502,2083.38
MISSION SENIOR HIGH SCHOOL,San Francisco,San Francisco,208.0,62.5,100.0,97.0,0.97,0.6253776435045317,0.6933902183500336,0.2766097816499664,2065.29
JEFFERSON HIGH SCHOOL,Daly City,San Mateo,253.0,66.0,61.0,46.0,0.7540983606557377,0.4113805970149253,0.6898116597146784,0.06428670094105926,2059.41
WINDSOR HIGH SCHOOL,Windsor,Sonoma,399.0,39.8,82.0,59.0,0.7195121951219512,0.4835294117647059,0.6498471577477674,0.06966503737418384,2015.02
MILLS HIGH SCHOOL,Millbrae,San Mateo,270.0,66.7,157.0,136.0,0.8662420382165605,0.2026905829596412,0.6798518989442042,0.18639013927235637,2003.45
SANTA ROSA HIGH SCHOOL,Santa Rosa,Sonoma,325.0,42.8,53.0,39.0,0.7358490566037735,0.583386992916935,0.657250775664221,0.07859828093955257,1904.31
GATEWAY HIGH SCHOOL,San Francisco,San Francisco,117.0,99.1,69.0,50.0,0.7246376811594203,0.5258620689655172,0.7374023587477531,-0.012764677588332773,1903.69
PETALUMA HIGH SCHOOL,Petaluma,Sonoma,277.0,54.9,77.0,60.0,0.7792207792207793,0.4090528080469405,0.6635425717247525,0.11567820749602675,1896.60
JESSE M BETHEL HIGH SCHOOL,Vallejo,Solano,321.0,38.9,47.0,31.0,0.6595744680851063,0.7736248236953456,0.6610750821703555,-0.0015006140852491523,1885.77
BENICIA HIGH SCHOOL,Benicia,Solano,301.0,58.5,93.0,68.0,0.7311827956989247,0.2411985018726591,0.6681664121574553,0.06301638354146943,1881.81
RANCHO COTATE HIGH SCHOOL,Rohnert Park,Sonoma,394.0,36.5,46.0,34.0,0.7391304347826086,0.4706552706552706,0.6422585253628095,0.09687190941979917,1833.20
OAK GROVE HIGH SCHOOL,San Jose,Santa Clara,285.0,47.0,70.0,53.0,0.7571428571428571,0.5618631732168851,0.6585877558119042,0.09855510133095291,1828.47
NAPA HIGH SCHOOL,Napa,Napa,357.0,34.2,54.0,38.0,0.7037037037037037,0.7442143727161997,0.6493876429547976,0.05431606074890616,1806.06
WESTMOOR HIGH SCHOOL,Daly City,San Mateo,310.0,47.1,94.0,72.0,0.7659574468085106,0.4084507042253521,0.6542414317873085,0.1117160150212021,1804.14
MONTGOMERY HIGH SCHOOL,Santa Rosa,Sonoma,292.0,48.6,53.0,37.0,0.6981132075471698,0.4964086193136472,0.6606574191965935,0.03745578835057628,1796.31
ACE CHARTER HIGH SCHOOL,San Jose,Santa Clara,80.0,92.5,21.0,15.0,0.7142857142857143,0.8977635782747604,0.7389062531969594,-0.02462053891124505,1791.35
JOHN HENRY HIGH SCHOOL,Richmond,Contra Costa,63.0,82.5,22.0,14.0,0.6363636363636364,0.8618618618618619,0.6971761131928398,-0.06081247682920343,1747.30
MCCLYMONDS HIGH SCHOOL,Oakland,Alameda,61.0,57.4,17.0,9.0,0.5294117647058824,0.9597069597069596,0.6435364308095397,-0.11412466610365735,1714.03
LEADERSHIP PUBLIC SCH HAYWARD,Hayward,Alameda,132.0,96.2,58.0,45.0,0.7758620689655172,0.5235602094240838,0.7391254727437567,0.03673659622176051,1710.01
SONOMA VALLEY HIGH SCHOOL,Sonoma,Sonoma,246.0,55.3,59.0,52.0,0.8813559322033898,0.3277310924369748,0.6605959666578792,0.22075996554551058,1691.70
PIEDMONT HIGH SCHOOL,Piedmont,Alameda,203.0,93.1,148.0,107.0,0.722972972972973,0.0354706684856753,0.7196140761951281,0.0033588967778449552,1672.70
ENVISION ACAD ARTS/TECHNOLOGY,Oakland,Alameda,43.0,95.3,13.0,8.0,0.6153846153846154,0.7391304347826086,0.7109013070081244,-0.09551669162350895,1669.95
RUTH ASAWA SCHOOL OF THE ARTS,San Francisco,San Francisco,175.0,87.4,128.0,102.0,0.796875,0.2220588235294117,0.7095418082506976,0.08733319174930243,1665.25
LEADERSHIP PUBLIC SCH RICHMOND,Richmond,Contra Costa,122.0,94.3,45.0,34.0,0.7555555555555555,0.6538461538461539,0.7413173208759245,0.014238234679631034,1663.60
NEWARK MEMORIAL HIGH SCHOOL,Newark,Alameda,332.0,40.4,88.0,68.0,0.7727272727272727,0.3891733723482077,0.6341127627163644,0.1386145100109083,1640.70
KIPP SAN JOSE COLLEGIATE,San Jose,Santa Clara,107.0,100.0,87.0,70.0,0.8045977011494253,0.708984375,0.7519012644070544,0.0526964367423709,1636.54
LIVE OAK HIGH SCHOOL,Morgan Hill,Santa Clara,256.0,49.2,58.0,48.0,0.8275862068965517,0.4196185286103542,0.6499555826657205,0.1776306242308312,1626.37
RICHMOND HIGH SCHOOL,Richmond,Contra Costa,282.0,31.6,69.0,58.0,0.8405797101449275,0.96796875,0.661737786817254,0.17884192332767346,1601.41
WILLIAM C OVERFELT HIGH SCHOOL,San Jose,Santa Clara,281.0,38.4,52.0,42.0,0.8076923076923077,0.6265590608950844,0.6478286139717616,0.1598636937205461,1578.72
OAKLAND MILITARY INST COL PREP,Oakland,Alameda,54.0,55.6,26.0,13.0,0.5,0.9020833333333332,0.6328451030886356,-0.13284510308863562,1552.73
INVICTUS ACADEMY OF RICHMOND,El Cerrito,Contra Costa,55.0,100.0,16.0,11.0,0.6875,0.7890818858560794,0.730802663229229,-0.043302663229229044,1544.78
HAYWARD HIGH SCHOOL,Hayward,Alameda,290.0,34.1,55.0,43.0,0.7818181818181819,0.7506329113924051,0.6497333519603345,0.1320848298578473,1533.76
ANDREW P HILL HIGH SCHOOL,San Jose,Santa Clara,296.0,33.8,49.0,39.0,0.7959183673469388,0.6758312020460358,0.637873118235255,0.15804524911168372,1498.18
SUMMIT PREPARATORY CHARTER HIG,Redwood City,San Mateo,95.0,100.0,42.0,34.0,0.8095238095238095,0.7167235494880546,0.7406065214297979,0.06891728809401165,1469.04
ARISE HIGH SCHOOL,Oakland,Alameda,93.0,100.0,23.0,18.0,0.782608695652174,0.7651515151515151,0.7499660844648386,0.03264261118733536,1459.54
DE ANZA HIGH SCHOOL,Richmond,Contra Costa,249.0,36.5,57.0,41.0,0.7192982456140351,0.8605539637058262,0.6530551634728327,0.06624308214120245,1444.52
CAPUCHINO HIGH SCHOOL,San Bruno,San Mateo,234.0,50.9,54.0,41.0,0.7592592592592593,0.3421300659754948,0.6421323221424763,0.11712693711678301,1399.76
ALHAMBRA HIGH SCHOOL,Martinez,Contra Costa,234.0,50.0,41.0,34.0,0.8292682926829268,0.3073929961089494,0.6388586965621248,0.190409596120802,1394.17
SOUTH SAN FRANCISCO HS,South San Francisco,San Mateo,286.0,40.9,56.0,36.0,0.6428571428571429,0.4180790960451977,0.6436104830304437,-0.0007533401733007539,1376.48
MOUNT PLEASANT HIGH SCHOOL,San Jose,Santa Clara,243.0,36.6,39.0,35.0,0.8974358974358975,0.625250501002004,0.6321977891985678,0.26523810823732963,1365.33
CONCORD HIGH SCHOOL,Concord,Contra Costa,266.0,36.1,41.0,27.0,0.6585365853658537,0.6956904133685137,0.637049309599766,0.021487275766087666,1344.54
SAN LORENZO HIGH SCHOOL,San Lorenzo,Alameda,253.0,34.4,44.0,30.0,0.6818181818181818,0.815354713313897,0.6455778908654223,0.03624029095275949,1321.87
TENNYSON HIGH SCHOOL,Hayward,Alameda,264.0,29.5,30.0,25.0,0.8333333333333334,0.8385175380542687,0.6476762754190811,0.18565705791425224,1307.46
OAKLAND UNITY HIGH SCHOOL,Oakland,Alameda,77.0,100.0,29.0,28.0,0.9655172413793104,0.7288135593220338,0.7380975597032896,0.22741968167602078,1303.31
DOZIER-LIBBEY MEDICAL HIGH SCH,Antioch,Contra Costa,150.0,44.7,50.0,31.0,0.62,0.8061674008810573,0.6368601562162497,-0.0168601562162497,1301.93
ALPHA CINDY AVITIA HIGH SCHOOL,San Jose,Santa Clara,86.0,95.3,23.0,19.0,0.8260869565217391,0.7283950617283951,0.742358104563014,0.08372885195872515,1289.75
UNIVERSITY PREP ACADEMY,San Jose,Santa Clara,115.0,100.0,83.0,62.0,0.7469879518072289,0.2778541953232462,0.7291173835878906,0.0178705682193383,1274.36
SUMMIT PUBLIC SCHOOLS SHASTA,Daly City,San Mateo,110.0,100.0,64.0,47.0,0.734375,0.3275109170305676,0.7201642126345753,0.014210787365424693,1258.95
PINER HIGH SCHOOL,Santa Rosa,Sonoma,318.0,28.3,34.0,24.0,0.7058823529411765,0.6436541143654114,0.6258769833356195,0.08000536960555704,1256.90
INDEPENDENCE HIGH SCHOOL,San Francisco,San Francisco,113.0,32.7,20.0,10.0,0.5,0.5659574468085107,0.5955770598704518,-0.09557705987045184,1256.70
ANTIOCH HIGH SCHOOL,Antioch,Contra Costa,330.0,23.3,43.0,30.0,0.6976744186046512,0.902027027027027,0.6350203695325914,0.06265404907205974,1234.46
SUMMIT PUBLIC SCHOOL-TAHOMA,San Jose,Santa Clara,98.0,99.0,55.0,53.0,0.9636363636363636,0.2898172323759791,0.712144137317953,0.2514922263184106,1221.66
MADISON PARK ACADEMY,Oakland,Alameda,83.0,79.5,23.0,20.0,0.8695652173913043,0.9837278106508875,0.711170029462607,0.15839518792869733,1219.33
DEER VALLEY HIGH SCHOOL,Antioch,Contra Costa,322.0,23.9,43.0,32.0,0.7441860465116279,0.82560706401766,0.6376100399464542,0.10657600656517374,1218.40
OAKLAND SCHOOL FOR THE ARTS,Oakland,Alameda,105.0,80.0,53.0,35.0,0.660377358490566,0.28743961352657,0.6786218864604047,-0.018244527969838664,1217.68
HEALDSBURG HIGH SCHOOL,Healdsburg,Sonoma,130.0,67.7,56.0,43.0,0.7678571428571429,0.5646123260437376,0.6693656621168114,0.09849148074033154,1209.44
DESIGN TECH HIGH SCHOOL,Redwood City,San Mateo,128.0,97.7,94.0,76.0,0.8085106382978723,0.0723104056437389,0.7123790130234748,0.09613162527439745,1203.48
BUCKINGHAM COLLEGIATE CHARTER,Vacaville,Solano,97.0,64.9,20.0,12.0,0.6,0.3417721518987341,0.638456762577216,-0.038456762577215975,1191.69
LIFE ACADEMY HIGH SCHOOL,Oakland,Alameda,58.0,96.6,22.0,16.0,0.7272727272727273,0.981651376146789,0.7383138725203284,-0.011041145247601136,1166.02
HENRY T GUNDERSON HIGH SCHOOL,San Jose,Santa Clara,187.0,47.6,45.0,31.0,0.6888888888888889,0.5456989247311828,0.637969337519768,0.05091955136912085,1155.96
COLISEUM COLLEGE PREP ACADEMY,Oakland,Alameda,63.0,92.1,43.0,43.0,1.0,0.9872241579558652,0.72189656130354,0.27810343869646004,1144.50
KIPP SAN FRANCISCO COLG PREP,San Francisco,San Francisco,62.0,100.0,42.0,40.0,0.9523809523809524,0.8928571428571429,0.7492637296946564,0.20311722268629606,1137.87
OCEANA HIGH SCHOOL,Pacifica,San Mateo,130.0,80.0,64.0,53.0,0.828125,0.1868365180467091,0.6770533587248505,0.1510716412751495,1121.29
FAIRFIELD HIGH SCHOOL,Fairfield,Solano,366.0,19.9,32.0,22.0,0.6875,0.8130841121495327,0.6266979316425786,0.06080206835742141,1109.31
OAKLAND CHARTER HIGH SCHOOL,Oakland,Alameda,70.0,91.4,40.0,36.0,0.9,0.8363636363636363,0.710718834856782,0.18928116514321802,1109.18
MARE ISLAND TECHNOLOGY ACADEMY,Vallejo,Solano,96.0,80.2,20.0,15.0,0.75,0.6321353065539113,0.6931056069802547,0.056894393019745304,1096.68
KIPP ESPERANZA HIGH SCHOOL,East Palo Alto,San Mateo,60.0,100.0,32.0,28.0,0.875,0.9587628865979382,0.7461158242671997,0.1288841757328003,1095.93
ASPIRE RICHMOND CA COLG PREP,Richmond,Contra Costa,69.0,98.6,31.0,23.0,0.7419354838709677,0.8525423728813559,0.7329373417732433,0.008998142097724426,1092.73
LIGHTHOUSE COMMUNITY CHAR HS,Oakland,Alameda,67.0,91.0,34.0,28.0,0.8235294117647058,0.9288256227758008,0.7269620247003351,0.09656738706437074,1066.26
MOUNT DIABLO HIGH SCHOOL,Concord,Contra Costa,282.0,24.5,36.0,26.0,0.7222222222222222,0.800286327845383,0.6229558028595724,0.0992664193626498,1065.48
MIDDLE COLLEGE HIGH SCHOOL,San Pablo,Contra Costa,72.0,100.0,63.0,51.0,0.8095238095238095,0.6496598639455783,0.7192065446216619,0.09031726490214764,1065.23
TERRA NOVA HIGH SCHOOL,Pacifica,San Mateo,163.0,63.2,48.0,36.0,0.75,0.1486486486486486,0.6491777735283387,0.10082222647166128,1030.56
LATINO COLLEGE PREP ACADEMY,San Jose,Santa Clara,105.0,60.0,37.0,27.0,0.7297297297297297,0.831353919239905,0.6562419156590854,0.07348781407064431,991.98
CASTLEMONT HIGH SCHOOL,Oakland,Alameda,146.0,34.9,26.0,22.0,0.8461538461538461,0.9902642559109874,0.6480683447700073,0.19808550138383885,931.33
RAOUL WALLENBERG TRADITIONAL,San Francisco,San Francisco,107.0,65.4,56.0,43.0,0.7678571428571429,0.5076628352490421,0.6593524336574028,0.10850470919974009,925.11
ASPIRE LIONEL WILSON COLG PREP,Oakland,Alameda,54.0,96.3,22.0,20.0,0.9090909090909092,0.8673469387755102,0.7174735433774728,0.19161736571343635,923.00
JAMES LICK HIGH SCHOOL,San Jose,Santa Clara,166.0,35.5,18.0,15.0,0.8333333333333334,0.6577726218097448,0.6135016986087853,0.21983163472454803,892.78
HALF MOON BAY HIGH SCHOOL,Half Moon Bay,San Mateo,214.0,36.0,75.0,61.0,0.8133333333333334,0.256860592755214,0.5965972666686302,0.21673606666470313,869.37
DR TJ OWENS GILROY EARLY COLG,Gilroy,Santa Clara,69.0,97.1,55.0,43.0,0.7818181818181819,0.3980263157894737,0.7022760648290323,0.07954211698914959,827.63
BAY AREA TECHNOLOGY-BAYTECH,Oakland,Alameda,49.0,98.0,19.0,16.0,0.8421052631578947,0.8627450980392157,0.7098519393914725,0.13225332376642218,820.61
OAKLAND INTERNATIONAL HIGH SCH,Oakland,Alameda,60.0,68.3,15.0,15.0,1.0,0.9925925925925926,0.6932088122936669,0.30679118770633307,813.58
VALLEJO HIGH SCHOOL,Vallejo,Solano,230.0,21.7,21.0,14.0,0.6666666666666666,0.8429319371727748,0.6182184086596787,0.04844825800698793,763.28
YGNACIO VALLEY HIGH SCHOOL,Concord,Contra Costa,225.0,22.2,43.0,28.0,0.6511627906976745,0.8149197355996223,0.6117982398421962,0.0393645508554783,741.99
RIO VISTA HIGH SCHOOL,Rio Vista,Solano,86.0,45.3,10.0,10.0,1.0,0.7192429022082019,0.609045775785288,0.39095422421471204,668.06
TECHNOLOGY HIGH SCHOOL,Rohnert Park,Sonoma,78.0,82.1,34.0,25.0,0.7352941176470589,0.2069970845481049,0.6612537224455778,0.07404039520148109,667.08
SAINT HELENA HIGH SCHOOL,Saint Helena,Napa,93.0,60.2,27.0,20.0,0.7407407407407407,0.3677884615384615,0.6270961747420323,0.11364456599870842,663.29
MISSION EARLY COLLEGE HIGH SCH,Santa Clara,Santa Clara,58.0,96.6,35.0,28.0,0.8,0.3114754098360656,0.68506963778214,0.11493036221786002,657.18
TAMISCAL HIGH SCHOOL,Larkspur,Marin,64.0,70.3,25.0,15.0,0.6,0.1693548387096774,0.6274868287880001,-0.02748682878800013,648.65
JOHN SWETT HIGH SCHOOL,Crockett,Contra Costa,68.0,57.4,17.0,15.0,0.8823529411764706,0.7407407407407407,0.6271494064946217,0.25520353468184886,636.69
CALISTOGA JUNIOR SENIOR HIGH SCHOOL,Calistoga,Napa,58.0,58.6,25.0,22.0,0.88,0.8816901408450705,0.6382191719267017,0.24178082807329826,596.75
ELSIE ALLEN HIGH SCHOOL,Santa Rosa,Sonoma,191.0,19.4,17.0,15.0,0.8823529411764706,0.717201166180758,0.589298772407174,0.2930541687692966,596.12
EAST BAY INNOVATION ACADEMY,Oakland,Alameda,51.0,92.2,30.0,24.0,0.8,0.4079822616407982,0.6756455372116676,0.1243544627883324,592.05
ROBERTO CRUZ LEADERSHIP ACDMY,San Jose,Santa Clara,68.0,50.0,16.0,12.0,0.75,0.8812260536398467,0.6250819582513525,0.12491804174864751,557.03
ALAMEDA SCIENCE & TECHNICAL INST,Alameda,Alameda,46.0,91.3,46.0,38.0,0.8260869565217391,0.4549763033175355,0.6678293906256042,0.15825756589613493,551.81
JOHN F KENNEDY HIGH SCHOOL,Richmond,Contra Costa,164.0,22.6,24.0,18.0,0.75,0.5986486486486486,0.594031800503832,0.15596819949616803,515.10
LUIS VALDEZ LEADERSHIP ACADEMY,San Jose,Santa Clara,55.0,54.5,11.0,9.0,0.8181818181818182,0.8355555555555556,0.6161463654072383,0.2020354527745799,498.35
PUBLIC SAFETY ACADEMY,Fairfield,Solano,48.0,75.0,13.0,10.0,0.7692307692307693,0.5261744966442953,0.6331201540406692,0.13611061519010004,484.27
CLOVERDALE HIGH SCHOOL,Cloverdale,Sonoma,84.0,38.1,15.0,13.0,0.8666666666666667,0.5725190839694656,0.575199942365134,0.29146672430153264,467.52
ALAMEDA COMMUNITY LEARNING CTR,Alameda,Alameda,51.0,78.4,12.0,8.0,0.6666666666666666,0.4060773480662983,0.6477465680531695,0.018920098613497083,467.10
JOHN O'CONNELL HIGH SCHOOL,San Francisco,San Francisco,78.0,41.0,7.0,5.0,0.7142857142857143,0.7043478260869566,0.6123150844030264,0.1019706298826879,466.16
THURGOOD MARSHALL ACADEMIC HS,San Francisco,San Francisco,86.0,34.9,21.0,15.0,0.7142857142857143,0.7894736842105263,0.6111433331414249,0.10314238114428942,457.14
NEW TECHNOLOGY HIGH SCHOOL,Napa,Napa,75.0,41.3,16.0,12.0,0.75,0.6438356164383562,0.5871531459575869,0.16284685404241306,443.23
EAST PALO ALTO ACADEMY,East Palo Alto,San Mateo,55.0,52.7,18.0,15.0,0.8333333333333334,0.6330935251798561,0.6157108970296894,0.21762243630364397,431.21
HAYWARD TWIN OAKS MONTESSORI,Hayward,Alameda,38.0,86.8,9.0,8.0,0.8888888888888888,0.3794712286158631,0.6441833420771851,0.24470554681170376,428.55
ALTERNATIVES IN ACTION HIGH SCHOOL,Oakland,Alameda,32.0,68.8,12.0,8.0,0.6666666666666666,0.8962264150943396,0.6559174093400097,0.01074925732665688,346.00
OXFORD DAY ACADEMY,East Palo Alto,San Mateo,20.0,85.0,9.0,9.0,1.0,0.6666666666666666,0.6519937966097037,0.3480062033902963,281.83
NOVA INDEPENDENT STUDY,Novato,Marin,32.0,43.8,6.0,3.0,0.5,0.3287671232876712,0.5375076294259611,-0.037507629425961087,243.41
JUNE JORDAN SCHOOL FOR EQUITY,San Francisco,San Francisco,46.0,50.0,5.0,,,0.7045454545454546,0.5958948693092327,,195.60
NEA COMMUNITY LEARNING CENTER,Alameda,Alameda,32.0,90.6,7.0,,,0.3215031315240083,,,191.10
MILLENNIUM HIGH SCHOOL,Piedmont,Alameda,20.0,85.0,6.0,5.0,0.8333333333333334,0.180327868852459,0.6065768471304888,0.2267564862028446,183.29
VISTA HIGH SCHOOL,Richmond,Contra Costa,68.0,22.1,5.0,3.0,0.6,0.5261904761904762,0.5440296228587209,0.05597037714127906,182.87
TOMALES HIGH SCHOOL,Tomales,Marin,27.0,40.7,7.0,4.0,0.5714285714285714,0.7322834645669292,0.550187770599405,0.02124080082916635,148.62
MILPITAS MIDDLE COLLEGE HS,Milpitas,Santa Clara,23.0,43.5,12.0,9.0,0.75,0.4181818181818181,0.5356934343531287,0.21430656564687134,122.66
PLEASANTON VIRTUAL ACADEMY,Pleasanton,Alameda,16.0,62.5,5.0,5.0,1.0,0.144927536231884,0.5552349815442923,0.4447650184557077,113.92
SAN JOSE HIGH SCHOOL,San Jose,Santa Clara,142.0,4.9,16.0,13.0,0.8125,0.6990846681922197,0.5347505921075941,0.2777494078924059,104.68
EMERY SECONDARY SCHOOL,Emeryville,Alameda,44.0,11.4,21.0,18.0,0.8571428571428571,0.6049382716049383,0.4955555428721115,0.3615873142707456,71.62
CIRCLE OF INDEPENDENT LEARNING,Fremont,Alameda,44.0,11.4,8.0,7.0,0.875,0.4619289340101523,0.4937818615041999,0.3812181384958001,67.65
GRIFFIN ACADEMY HIGH SCHOOL,Vallejo,Solano,59.0,8.5,21.0,12.0,0.5714285714285714,0.7150537634408602,0.5166101576483341,0.05481841378023733,64.75
PESCADERO HIGH SCHOOL,Pescadero,San Mateo,17.0,35.3,5.0,3.0,0.6,0.345679012345679,0.503522299835329,0.09647770016467094,64.07
ROBERTSON HIGH SCH VISTA ALTERNATVE,Fremont,Alameda,20.0,30.0,5.0,,,0.5641025641025641,0.5154526081209059,,46.53
